z20151121230848413364877,Héctor A.
z20120907170720270874269,joseavellanal
z20170903223347060926159,respawnear ..
z20161127171159613296159,Natàlia B.
z20180114183113247581476,Elena N.
z20170307022515090423456,Eneko G.
z20161225012029850702561,Alan G.
z20140826005557957565534,Tonino C.
z20160621233128143574997,Artwork
z20160301024915667594285,Frida G.
z20140328214554073398687,Jusepe-Cinefilo
z20110228015725467148521,estevef
z20130809144538320675551,Nano Kanpro
z20150115173421633434637,Juan J.
z20110224215500150992817,berta222
z20160414180359877565236,Mariam P.
z20150827124201937833436,LMCinemaScopy
z20150303112721833113131,Josecarlos G.
z20140112140816170148129,Tony Montana
z20121029003316723866333,kukimalaga
z20110314181427073141578,anhqiraj
z20170217214317233471749,Julio G.
z20160924033011597867313,Phrogress
z20160622142005463969748,Yfer M.
z20150924004247307595678,María Alina B.
z20150613021426780739243,Juan Alfonso M.
z20140409064121397384448,Christian M.
z20140104002656050126674,Lucía96
z20121224045133893372169,Ingrid B.
z20120224015114803425823,Adolfo Garcia Gonzalez
z20141230211340707156228,Ingrid U.
z20121020145257740758337,pumuki26
z20170214010406167255865,Arian C.
z20171006214914750799241,Maria G.
z20170830025448030303155,Guillermo F.
z20170606153547843768392,Búho 7.
z20110406170020350832142,jesusNuevaYork
z20121130203653093731768,Eber N.
z20140531132118587891859,Eloy B.
z20161230135701307526946,José María B.
z20161226040651790355396,Szeta
z20160323155006210407465,Javi F.
z20160417175531290423919,josue andres h.
z20151130131523067325483,Santi C.
z20151121231854950253265,Johann Manuel V.
z20130206173216600677143,DamianBro9
z20150930232400697821457,Juan B.
z20140707215145830311242,Jesús Yeray L.
z20130518072718117561137,Mily D.
z20120517002412133855493,zetme
z20120229174450903651464,kemeheme
z20170714070323747631693,Juan C.
z20161020104722610853644,Alfredo C.
z20161124161657760786526,Medrano
z20130907142927397717431,chicoblack196
z20130307111037497818831,rut19 A.
z20110205024228097453744,elcalamarylaballena
z20110314215935290937281,franja1987
z20100905095127310232516,hectortodt
z20100613091912593197454,carlosozm
z20100604232058247755745,paulitic
z20150720235645310609785,Ricardo A.
z20110912145218850131616,Jon Burgoa
z20111110212420517369733,cporty
z20150916201924320481233,La chaîne d.
z20170715220908993996739,Martin V.
z20170225125945840419369,Movie.L
z20160907222950857808885,Andres9fc
z20130626155433943332443,Pedro C.
z20160731061630130466921,Lenny Ramon S.
z20140904111145607479782,pilaralvarez
z20140407125619127451688,miktic
z20160916151241043771324,Sergio P.
z20150927195824137226714,Julio H.
z20150911110858413893525,Víctor C.
z20141019170521910309554,Leandro M.
z20120628221501353645799,Victor Grau
z20171103232133443813036,Ernesto S.
z20110917221934430237441,markdiaz
z20171102053209070281353,Slpc P.
z20180110204531440698998,LAURA F.
z20170820203712160857696,David F.
z20110623185634167121486,sakureta
z20171223213359530493854,Jose Pascual P.
z20171223083938923981362,Jonathan G.
z20160202203929193402313,Yolanda D.
z20120205031530063929251,kuki1986
z20160327163016553989735,ISAGARO
z20081006194641783691444,albita511
z20151205181056177209691,Charlie S.
z20120904030515480813338,Matias Vacchetto
z20120422061016073953744,luomfu
z20120409105726763429447,Paquita Cano Soriano
z20121110174811437888689,19121912
z20151108051756423824911,Vale P.
z20090123233605447168126,juliandrona
z20170321191238407932336,Francisco Javier M.
z20170208154800680845395,paula g.
z20160327155652483108414,Noelia G.
z20150930015652913438667,Pablo F.
z20140605113748050494933,Armando L.
z20150108210021470204813,sonic3 S.
z20141212231726607783761,Jose D.
z20100613130205363448564,miripi
z20170427220302657593734,Bart Simpson R.
z20170215074658220244423,Mozas
z20150414214444173238128,XDG
z20141020110745837983738,Gonzalo P.
z20100616003045547626937,Lachica Salvador
z20101112233919760246551,ferrandhc
z20150223193319873287872,gerard V.
z20160211163430713981425,Carmen M.
z20140409194356090383394,Jose M.
z20130219125230860371523,Vicente G.
z20171021032438083605161,gargola d.
z20160201084307520747576,Hilari S.
z20120430021934463128528,adolfo g.
z20120726191535840602489,cheque5
z20120711170931037328475,jorcanvi
z20120415165604450885689,Bandit111apd
z20100818054823947993549,usuario
z20110218151832157416583,Diego B.
z20100930103436423904524,zerous
z20150724165744710982769,Dani C.
z20110621160158280206654,vanexis
z20110403225631707177444,joaviri
z20120721150708153902676,davdavi
z20171013234833273977298,Marcos V.
z20150107202033093642888,Silvia C.
z20161211154132600927243,natanael c.
z20110927222605747488218,Carlos González
z20110903160137900524511,maiyo
z20110513083809333889888,santero
z20080828182342897191198,oxsiris69
z20100517125651970216392,bamby
z20110322204946557346883,victormonserrat
z20100802072411303786723,Nacho R.
z20151006235201727242614,Tomas V.
z20130628211857693609825,Javier A.
z20120104031159983692531,Juanapo
z20160208201516687682125,Vicente S.
z20110524010906340839786,Nafu
z20090826200329330326828,actor97
z20130126214553997237522,Lory
z20110607104044940956845,Staccato15
z20110628041512697905565,superfrida27
z20100924171253243223968,celsosg
z20100829065102240539783,Raquel_Cullen
z20100610144711433133661,javixu
z20160729075357487383138,Byson
z20160327033225707787456,José B.
z20160304020722620595417,Franco R.
z20120701005057290157765,ciprian f.
z20110408020532363351782,riperez83
z20170315195427273651166,cena
z20151202175620760263996,Javier R.
z20110617155811800668962,Marie-Loup R.
z20110228172158760565276,Hinojosa Isaac
z20101112101749643853326,film82
z20110103124735017901754,edospain
z20160501234708687892113,Romina T.
z20150328170033600154444,Silvia R.
z20130526164117743773913,Lcn
z20120903221252857565952,Sonita7
z20120718124124040744971,hedihe
z20160926145114070569463,Alejandro J.
z20110531205145470605314,Beatriz López Velasco
z20130919113539050341588,Jose F.
z20120101231052857318384,JaviD
z20100609134422740441684,matuxi
z20100618152527163704622,McNulty
z20100819220136373261781,walter_94
z20161011092637173688855,Fernanda A.
z20150107191022583839533,Abejo
z20120923024247440837812,Jose Antonio Salamanca Lascurain
z20150409235801083235333,MDG
z20120804040345167177516,JOSE72
z20131210202327433497516,Marta F.
z20150726102253420697778,marcos antonio m.
z20150716014705747813177,Jose Domingo R.
z20160101145131730316892,Ivan Barcelona
z20151031144359423443179,L.
z20150306222128347302814,Alberto C.
z20100919165855037366819,SergyToG
z20141127191149603854726,urkort
z20141121001027920325856,Adrian L.
z20110925211214303429636,Nikon83
z20171210212757717398857,Tatiana R.
z20171201204510883544756,Eran S.
z20120721125616920315772,angel-bellamy
z20160619155957660996364,Alejandro E.
z20110104153629063983429,Redrumcine
z20140318145901240467237,Oskar C.
z20120509140654400377378,pelucopters
z20120505132145750782444,enrique125
z20110730155708650207258,tanish
z20150311202911690335414,Jordi M.
z20170104073532217804249,Thomas Z.
z20140126222130387555282,pau U.
z20100607201129667962154,dani108yeah
z20091003002914530811575,Valerosi
z20090207213920207942521,jgarciam4
z20090410185944200813226,chiko91
z20090816104324153639343,andresrus1964
z20110630180229970665648,Manuehnofama
z20171109224652143734162,Min S.
z20170801165727437649392,AlmuRobbieGadot
z20101022165619250691328,Naiade34
z20170205180215750414322,cruelladefilm
z20160515144312033378652,Angel R.
z20130421180857763579922,Javier F.
z20131226222434803488436,Gorka P.
z20111025015632767778784,ositopumpum
z20110823183133493443646,mediavidens
z20090328023235020273565,Dromomano
z20170205024651753329876,Elle C.
z20160807235832943833816,Juantfilms
z20100607220518477693481,May Pastor
z20090402163548923566279,mproust
z20080905211128003116445,benpaka
z20080818131154930416253,rubentm244
z20130911181250700669762,Miguel Martinez J.
z20110312144503717658559,Caos
z20170601230412980895946,Inversiones R.
z20170207030827810264359,Pablo c.
z20121005232910680923568,waeri
z20171201074808940476863,El P.
z20160113153714557925761,musikadanel M.
z20170521194835827734396,emanuel e.
z20151218232316817292556,Evánder D.
z20130226194542933119757,Raquel G.
z20120303181946633264325,Ginny Weasley
z20170307010800700912343,Un crítico más
z20081215170333550753961,jesusNuevaYork
z20100613220407913992784,originalfree
z20101017223421050874353,Hiraldo29
z20101004163047253722281,lmoreno
z20100614135831907974189,waynain
z20100804024848737171999,hugoponcr
z20100810002833410689249,miwesly
z20100625001225097146442,negrhilton
z20150209180552690318158,Thib T.
z20120205041819587429668,putirar
z20130107140442583739544,Katana
z20120507212655690551688,Androsvk
z20111106002643487429353,Bertacocoon
z20170316203818937624168,Anabel O.
z20150810151942133738116,Javier A.
z20120627133429470908381,garbas
z20121104000901267734516,gusolino
z20121108003556160852132,alexdj
z20121006225148690864972,silvy2012
z20120204113718743741429,mgrinanc
z20110606043724673947367,ABYDDOS
z20101227163846440401479,lotrox
z20111213212421617654177,a6y4
z20100608002145110935142,v003
z20100930021354037234594,hunter8075
z20110124015406073421885,Edward07
z20160124234719180499443,Gonzalo G.
z20110622121405207524741,sotovlc
z20171231025430213643333,Cristina E.
z20180102231733877853852,Maria Luisa D.
z20151011211757013607447,Ireshifer H.
z20121206004635047495389,manuzidane
z20180104160802540403392,Joana M.
z20180104002717730593891,Daniel D.
z20180102020918950547755,Edoardo P.
z20171021190408963901255,Montse C.
z20180109141359240321975,Andoni A.
z20110826204713423378323,Hanszimmer1313
z20151008083216413464334,Joseba G.
z20120104134221063843684,thepatx
z20161225172957233516138,Fred Marvin
z20130713162844657663398,David1708
z20111103004204057663628,Leo Alvarado
z20100602235445480889538,ouvieho
z20101226212927743861694,arkwind
z20101029175509457474851,Julieta13
z20101217085725013298786,pira59
z20080716194828197447155,afsbayd
z20090301124758967814114,umbra
z20101120155934890605384,alinamarydo
z20100924190407877954348,feared
z20141114094339450621736,Luna R.
z20151124164315567293877,Guillermo M.
z20141206120913083962999,Albert B.
z20100611161808313371756,carlos7
z20130820152328097645312,Lourdes L.
z20150109203140503915872,Maria M.
z20100526152920223341314,speral
z20160105031951047824913,Aledecai
z20150112152420890177347,CriticoDelOsasuna
z20101013014835750236754,David  Longstride
z20140530221533823615364,Edast
z20170714144025650653611,Java J.
z20120513152338600361216,niaonline
z20100531181132453646682,Jose M Moratilla
z20130710191426097257529,James D.
z20130722112056027417734,JPalma94
z20101115183637133293273,germandb
z20170211192330450539117,Alvaro N.
z20170611001942323357489,Osmar Uziel  M.
z20160623100816517415359,JonyRedLabel
z20170527012846720412572,Iverson M.
z20170525195805607633466,Francisco Jose C.
z20160828224726343523293,Alice C.
z20170620084841940619682,Carolina M.
z20150712082807850937355,Danny M.
z20140722201130327764952,AleuCine
z20160327065812473888278,Ivette S.
z20110625090335530265989,MANUEL C.
z20101230135835860784638,dyt
z20140123021659193638362,Nathan J.
z20101129112440770407552,tereDC
z20140206093640457366491,al-barabar
z20151020202121730561827,Benjamin S.
z20170304165904477719748,Fernando G.
z20170303192833660486466,Daniel M.
z20170304101144913884879,Nilton H.
z20170221085531117749858,que t.
z20170306140952633389993,Christian A.
z20160516235026170843139,Lopez tercero 
z20170220221129963576485,Nicolás F.
z20151226112456090515738,Iñigo R.
z20140717012037903595368,La Taverna del Mastí
z20160607221237727157227,Andreu M.
z20150920173709367617527,Jean S.
z20141231021849430831981,jfernaro
z20141227024719287258945,samanta_elle
z20131202212032697431923,Marta G.
z20130217184050087238659,kikito30
z20120222180010950753934,djoli120
z20120924120659403723438,Andreavega
z20120323220412767387922,Seimya
z20110221024540887902153,franjpp8
z20120226011057463975947,selene_bs
z20100709122119993478354,Didac
z20120503160729563679365,laseraw
z20120204183812277849299,Albabenitez
z20100626192646627789898,tnp69
z20120217193952653162575,L Fernandez
z20120121224444943945991,teresapintos
z20130826132713973829876,Jor-El
z20130119164506077878477,Alejandro M.
z20120524173237123371285,Lisgg
z20100904031335973462578,Erbixo
z20120220010205913408198,elhoyo13
z20110809172706030237557,juanchyhelios
z20140926211159790705983,Tania C.
z20140629222311303959624,Carlos G.
z20140828001242173653849,Ayozet D.F
z20140427104146200868122,aliciasierra97
z20140119002234153809928,Carlos Eduardo A.
z20111112151234440409451,diegol9
z20150313184213773354349,Joel B.
z20161011024847503182648,juliocavzla
z20130903004610517968627,Lucía M.
z20131001004933323402748,Fabian B.
z20130902210750433728811,peter_parker77
z20121213133913400794433,Carlos P.
z20131008235133840484557,Candehe G.
z20140319110707937288425,Gino R.
z20140224232213940647279,Susy G.
z20131206172819890528565,Piti F.
z20131130103720173881517,Rocio V.
z20130906121941167508294,Gotman
z20120504161213533546491,Marc Agulle Sancho
z20160106062718307756737,Daniel P.
z20101106175612010296939,DaniNowitzki
z20140507092343260144176,Hemos Visto
z20150517203928180558742,Ángel S.
z20120413053241897784266,Amaranto
z20120713184026320444533,Menta
z20110708202344153541417,Silver Kar
z20100917163424730352379,Hristo Chaves
z20151129165413447562128,Macià P.
z20121023142351930894415,serbli
z20170723181907983647571,Victor H.
z20110821084348370102172,turia007
z20150219193533343983015,Ploren
z20130930144341353117073,Cristina S.
z20110127144330130811435,jabaga
z20170810192428037638116,Andres C.
z20170808221238913756871,Ricardo M.
z20170304132911707109474,billyelvaros ..
z20170107161826387538454,Oriol P.
z20100611083026993461388,ffntas
z20170106224603413825626,Ricardo R.
z20130220093337180796311,patpelican
z20170107233814573527658,Beatriz G.
z20170108194240240351589,Javier N.
z20170107024845857188474,Abrahán S.
z20120304171503233492132,superjanitor
z20151214203034900291414,Pipe C.
z20171124130811050436428,Josefde
z20171014225916207734884,Michael De Santa
z20141121223945633988325,Reyes Josue N.
z20150216061032823768466,VICENTE S.
z20170613223140457569482,HECTOR :v
z20151110202710330952167,juan manuel C.
z20150311005336083476929,Melissa B.
z20140801180612970453866,Kasandra G.
z20131012210142150178583,Roberto G.
z20160426103127630228489,Claudio R.
z20170924151159970165767,Braian Misael R.
z20120822081144680451935,nodles30
z20120511003735157784446,bono1972
z20110307235939267935849,lazarini
z20150209064508340519182,Andres D.
z20130930213939590829342,Rafael C.
z20160519185901567125434,LizzyB2104
z20160130082410707708162,Myriam P.
z20140114233414327706572,Patricia F.
z20111204043905690569967,Shaglen C.
z20101116165544293684986,rosegranger
z20130410195035330743991,nanduuu
z20150426042827237379849,Santiago N.
z20131202231244650776433,Thu Lokiitha N.
z20140510003038673883497,marco G.
z20131125040553130715341,Rodrigo C.
z20130128070946033721328,Alma Eliza A.
z20120826071724330349452,EduarPe
z20110720032652480925753,Gabriela Carolina C.
z20110515060007173664167,Carlos Gregorio G.
z20100605211703477622454,FoneBonepg
z20120830020107767843119,dorotea8
z20110716181448283809656,hectorelactor
z20130812174958590753585,Iksu K.
z20161216042052527451943,Daniel J.
z20161224105008400898995,Mcarmen C.
z20110102043250220159716,slympgb
z20161204161316327415218,Racaor
z20151224111230130594929,Iago C.
z20160805190819273433383,Kylo_Vader
z20150223015536943888299,Janeth G.
z20110705210550933189564,chemilla
z20160714161241890832727,Yerko N.
z20161228135620263585532,Quino L.
z20141129213831620956344,yemyim
z20160426192115103614318,nerea mol
z20161230134533137652338,Gabriel D.
z20151225210722700183353,Antonio G.
z20151121224951467602213,Jose C.
z20141108214836970268553,Maika  G.
z20140201143244647731515,Javi JB
z20081215170333550753961,palotes
z20100610112622560362593,itilla
z20180106234603150616748,Isra F.
z20160224030604977245426,Gabriela R.
z20131228062916610489957,Luis M.
z20110330075226247738713,Cosmicaos
z20101202090650463413428,Josefdosr
z20090624151406260854199,evondelbosque
z20080907160417227191413,Guada25
z20110701180513360529478,deymongil
z20140422170050193996378,Ana Barón 
z20120204033721617412775,Tavez
z20160310182115650198585,Bruzco 
z20120624124252627775535,Txentxo
z20121007223058197954118,Javier Perez Jimenez
z20131006025504693751569,Ivoncita L.
z20120705191123080364422,MNS0597
z20110227110437917305813,aihin
z20110112233613133406458,jbravo
z20100511195739427448338,calerovalbuena
z20130727163454657309721,MARIA JESUS A.
z20161227153737173373645,lopezman 
z20110222111132877218972,Paqo
z20161215012330727112196,Ruth M.
z20101116115358197114072,Tommyknocker
z20170110133932903306725,cioles s.
z20080802232458173623314,mister24
z20161210172623097639365,Elena B.
z20110603075512893343878,Pekecine
z20140402165605630596314,Karla B.
z20151023123915897843819,Al C.
z20110128151657300837164,Aplata
z20140408004516993367825,Hernan R.
z20170819112438330324181,Marta d.
z20170524023319160231571,Klauss S.
z20150210182136570519632,edumoster 7.
z20141210054058137871424,Paola P.
z20130317102650763757786,Melquiades
z20121001082534020386719,Lauruky
z20111012210749890672638,jaimeponiente
z20110312235759000629815,olatz
z20130902011435043666939,Cassiel
z20130407190417890406849,Jose Antonio R.
z20170408011026620391648,Jorge R.
z20150902231835113341357,Malahores m.
z20160312002400647875722,Alba R.
z20160107073527113581961,Angela M.
z20130910191413937464788,Miguel H.
z20120720103430117585914,Julissa M.
z20161014223515280374362,Gem B.
z20161105014234550928583,Juan C.
z20161109221720330579339,Susana L.
z20161021163601323163151,Ros1980
z20111017000044707711469,sandri56
z20110106001214707119639,eduvisi
z20161123234704167365729,Cesar a.
z20160728151226737885498,Alba I.
z20110922125121227694455,Rafael Coronado Navarro
z20141206181045277613632,Juan A.
z20160120165854703925294,Victor C.
z20160109102733670711974,Jairo C.
z20151227152531043796197,Joan Marc R.
z20150501054351053598712,Jose A.
z20170202055419513397952,Yoshimitsu Dan P.
z20170111002319360722922,Manel M.
z20170114154931250861577,fernandez r.
z20150915102653283387562,javier s.
z20160509191416830491799,Daniel M.
z20170108171633890803469,Ismael A.
z20130429130646620824459,cronos26
z20111005213520730426281,pepalvarez
z20170121200924160958437,Daniel S.
z20121003233251187528822,roldan0
z20130924193917210463243,Edward R.
z20120329201655973291863,Alberto Mayoral
z20120811170551060535484,carlosrguez90
z20100617221656117331832,laykosjef
z20160729040445620731972,Fer M.
z20140514160142710885227,Miguel Angel B.
z20100616085032340566419,antonioharo
z20160527040511310232445,Maria M.
z20141030202826197981367,Pablo P.
z20131010222145393219179,Edgardo R.
z20130821140740073494469,Aresena
z20120203193547400199942,spyghost
z20170612223517870372161,Jesi H.
z20131210142107780111632,Laura V.
z20160208000227223621494,Araceli V.
z20160226055952030255533,Diego S.
z20170104190450293743828,Sergio P.
z20161122095246437665447,C10 
z20161016040344667339967,Tamara L.
z20120317053805057191269,jorellac
z20151208214806530346962,Andrés F.
z20151102112331037876887,Cristina Angélica G.
z20150521033750353528516,Karen Berenisse C.
z20130602064851887184492,Michel L.
z20120609154951297356321,ex3a2
z20120718155612897901034,sonialovesitu210
z20120428131818040849683,anita486
z20100906232744040244931,mariiaa
z20101208193642200194148,vacafrisona
z20100607210824117871922,emailgalicia
z20100730225416093288283,Mliss
z20090811193638283317888,betsaez
z20130702132930240754662,Iris15
z20140103194414010977922,Verin M.
z20141201223926713195679,Victor Vazquez L.
z20131202184239530911881,Ismael L.
z20130830134311033696627,Rocio C.
z20131017005953983287687,Alba V.
z20130218192127203486343,Gabriela R.
z20110214020357210295623,JoseYanguas
z20110430142023060908148,José Francisco J.
z20110212043959940663669,rutty
z20100825223142280525899,juanvalverde3000
z20100620001240690798122,moonbrand
z20100618145429380372436,xavierVOS
z20100513131840493974473,paraise2009
z20091123104313300854183,ribanne
z20141219090140237696826,Valeen T.
z20170310022150353199583,Sylvia Holz
z20160207204500263854774,Jenny H.
z20150704122853357755483,Anna B.
z20150519150810947542616,Flor G.
z20141114080454303213118,Josue F.
z20161027020730450517458,Aristide B.
z20160809232658103179455,Natalia N.
z20161020191242703828931,Carlos Borja R.
z20161113210516927954872,Alejandro M.
z20161113015112940153988,Anderson D.
z20161113002420190805761,enmanuel M.
z20120509152807670263175,juanjogully
z20160429195535943747499,Andrés B.
z20161108183704023145798,Andrei M.
z20110114200751870768528,lucasjr23
z20150926113834697814539,Antonio E.
z20130725232905940827996,Monica A.
z20110905103219763815531,sersa99
z20100901081653263248195,furiousvilla1988
z20160326003500113836844,Isabel H.
z20160307112631217836548,anguloneutro
z20160127203725600153859,Luis Miguel B.
z20151210055005170181758,helena s.
z20160613182746717953544,Cesar G.
z20160801213218600356959,Maurito O.
z20160903105445967355669,Luca D.
z20130128094101180265587,Oscar Adrian C.
z20160607230611960145269,Samuel F.
z20150528182009330516545,Web E.
z20160507094512340772696,Shei E.
z20110115214644417863993,Jimenez Brey
z20130511095835080686647,andoarias
z20160421074550583587346,Nerea M.
z20150409183125100475296,Maykel
z20171103014142643266561,Anilec C.
z20170517100002893852889,IsaRocio
z20170317123838110367512,Saturnino G.
z20170228163211847375458,Beatriz M.
z20150204203908713174453,Juan P.
z20171121135958947539752,Ernesto L.
z20171017000118230309763,juan pablo m.
z20100713142146117688333,lilcez
z20130919231813047169176,Alex R.
z20160403103808777953842,Xavier R.
z20171120092723590176911,Tiago Emanoel G.
z20171119042439880453617,Alejandro D.
z20171025184434473105717,Jess A.
z20150911102901847179147,Javier Z.
z20160819165625613303418,Eduardo G.
z20160619234110997727589,Edwar P.
z20160817153819420404219,iSMaxii
z20160623113644270953229,Joham M.
z20120117134440913984245,carrastoll
z20160618045838493301626,Javier T.
z20160617235506550143491,TheDarkeagle
z20150914135516270247689,Jesus G.
z20110503021939080753427,Ponce Bernal Fernando Jesus
z20160215190319927669451,Martin B.
z20160217003950497537323,Rubi H.
z20160212141724057211482,Cristina S.
z20100611210454113668427,Fernando Adam Fresno
z20160221085514827751134,Victor C.
z20121006143339373685197,Jljacobo
z20170725042323410212443,Yoshi2003 L.
z20170508042104717644668,DanielGM1999 E.
z20120503182626513834149,jorgemelin
z20130425171357477632615,danivader
z20110215232415100853675,picata
z20140714180216283917263,Manuel F.
z20100611150814023986867,guybrush032
z20101016115611387145588,sindi666
z20100924122552690967174,cheroap
z20160815183144630938259,Nicolás P.
z20140915140401780139296,Isidora C.
z20150530234234430954754,Jose Miguel M.
z20170209153945150216799,Sánchez Rodríguez
z20160426004448800374794,Vicart
z20140331225821707338612,MultiCesar6 ..
z20131017215320583372966,Lucero A.
z20120514011216423157425,Hosgaza
z20121119032610567257327,norte87
z20171105154147917136717,Pennywise(IT)
z20180111144409317118589,Mafer B.
z20150407010433740339545,Sergio G.
z20110824140206130823143,Inma Garzón
z20161021192354473466241,Patri A.
z20171205175232317452254,Alicia P.
z20171204164129910948487,Joaquin L.
z20170502034838397932297,Antonio S.
z20131027162052917409934,Rodolfo G.
z20121017215159393694985,Jorge Mauricio Martinez Siljestrom
z20131122114518590762844,Héctor C.
z20100914143123573886372,potoko
z20160904234148550593572,Mayte Su
z20111112183619647856456,mcfitas
z20110912155150583904747,fernys1981
z20160430013847147449371,Alex 6.
z20160319232147653168994,Martin V.
z20160401022527363749614,Carlos D.
z20160324014902287736539,Oliver R.
z20160429151235363886713,Omar A.
z20160317010602763303336,Juan V.
z20150501035853477875375,denay d.
z20160423092631360785745,Eric L.
z20160415191045853225883,Matias P.
z20170818225702987905217,Mikel S.
z20160310000934560401157,Jordano K.
z20161004054742700253824,Guido D.
z20140419011220097851317,Rafa G.
z20131208111311797261185,Raul P.
z20130725184414727119942,Xavi M.
z20161228145752150336251,jodanaru
z20130724182759360873237,Jorge S.
z20101122053319150692219,BenSherman
z20121215132145670371849,Sergio F.
z20120316230205677383837,mega696
z20120303224535677192279,zheran
z20120518235547863171754,bustofrios
z20120513005658623973419,Jomagalu
z20111025094644793964462,zaleao
z20111029210150093323586,lauraloji
z20110618160731187267632,ysfcid
z20110115135518053433312,emilio3020
z20090324193025497373749,manuel f.
z20140805102218987585156,AdrianGil9
z20120904015106670131419,xoyete
z20140818050217953528477,Johan René R.
z20131110184846527152144,Ana A.
z20150423233744700247972,Bob T.
z20150814151240833566152,Yaisa G.
z20110320235828427258242,ruyadez
z20170314130251900282163,Movielike C.
z20130727224124087803984,kyrianer
z20120226220836883711474,castorcillo7
z20111226202937593725395,Lunaticats
z20120530140216550107586,David Villamizar
z20120310043728510999284,katyhdez
z20110721101932620443824,Josheslly Cordovez
z20110702020121867615487,merkiedes
z20110517094450753771982,-insane-
z20110513113037330827139,Jandroez
z20101128203202183763331,yem
z20100607212557980553666,darkshad
z20130312193037467951879,Stars12
z20130120231317140178358,Igledani
z20130610204352890832416,Gema S.
z20130906101345400859928,Rocio S.
z20110123181054547782245,royitoroy
z20131119152037240821699,Patty C.
z20140403071747207564531,giancarlo f.
z20120902004502750845489,canderose
z20140324180342770337619,Kristian I.
z20140206205730660256543,Cinejuntos C.
z20121230200557613597155,Javier C.
z20140420201221210915628,Alejandro M.
z20111002170436840354811,Raksoboy
z20110209230206077302848,mortero
z20150413233731133898259,javierx
z20171009033807577527398,Merlo Dominguez
z20170108062014897953733,Antonio H.
z20091110203023520583831,ARRIEROVA
z20160316215756440805732,Toni D.
z20160508172903507975714,Juan G.
z20171009101221280694882,Jonathan M.
z20160605165501053343593,John G.
z20161105174351280218424,Mario B.
z20141227235145950915984,Kit Carson
z20151102235345877388398,Federico V.
z20150318193447573127652,Daniel S.
z20150225062500160765373,María Cecilia N.
z20141023183029443224326,José A.
z20160102014341350759831,Biel P.
z20150716141951710982142,Pedro J.
z20130506132007180146856,Josemi M.
z20151022023251330516915,Pablo A.
z20120630001032683418938,Nueherca
z20151229141017407675311,Edu G.
z20160117005145667599145,Carolina L.
z20160124231420223225576,Giuliana P.
z20120103191123280726539,Prusiazul
z20150803153748617234643,Ruiz González 
z20160117202540037286641,Paula J.
z20140520165127480558329,Isabel M.
z20160122214819907713543,ExSu A.
z20151007171241700288743,Eimy A.
z20121102111607340808241,davidrges
z20081130070839353801556,feunchis71
